{
    "0": {
        "0": [
            0.0,
            0.0,
            0.0,
            0.0,
            0.0
        ],
        "1": [
            0.0,
            0.0,
            0.0,
            0.0,
            0.0
        ],
        "2": [
            0.0,
            0.0,
            0.0,
            0.0,
            0.0
        ],
        "3": [
            0.0,
            0.0,
            0.0,
            0.0,
            0.0
        ],
        "4": [
            0.0,
            0.0,
            0.0,
            0.0,
            0.0
        ],
        "5": [
            0.0,
            0.0,
            0.0,
            0.0,
            0.0
        ],
        "6": [
            0.0,
            0.0,
            0.0,
            0.0,
            0.0
        ],
        "7": [
            0.0,
            0.0,
            0.0,
            0.0,
            0.0
        ],
        "8": [
            0.0,
            0.0,
            0.0,
            0.0,
            0.0
        ]
    },
    "1": {
        "0": [
            0.0,
            0.0,
            0.0,
            0.0,
            0.0
        ],
        "1": [
            -9.0,
            9.016687696430207,
            0.0,
            0.0,
            0.0
        ],
        "2": [
            -2.190732019552173,
            8.687631095738437,
            0.0,
            -2.2243199092600268,
            0.0
        ],
        "3": [
            -1.7911486150988538,
            8.333645126427683,
            0.0,
            0.0,
            0.0
        ],
        "4": [
            -2.0538482784142165,
            7.953555106206998,
            0.0,
            0.0,
            0.0
        ],
        "5": [
            -2.405095212034439,
            7.546131001263872,
            0.0,
            0.0,
            0.0
        ],
        "6": [
            -2.788567515122834,
            7.110084818077353,
            0.0,
            -3.1559702458650043,
            0.0
        ],
        "7": [
            -3.199734232056147,
            6.6440678723323074,
            0.0,
            0.0,
            0.0
        ],
        "8": [
            -3.639295392361492,
            0.0,
            0.0,
            6.865576458868196,
            0.0
        ]
    },
    "2": {
        "0": [
            0.0,
            0.0,
            0.0,
            0.0,
            0.0
        ],
        "1": [
            0.0,
            0.0,
            0.0,
            0.0,
            0.0
        ],
        "2": [
            -9.0,
            -9.0,
            8.147924586856364,
            -1.9079543102221774,
            0.0
        ],
        "3": [
            0.0,
            0.0,
            0.0,
            0.0,
            0.0
        ],
        "4": [
            0.0,
            0.0,
            0.0,
            0.0,
            0.0
        ],
        "5": [
            0.0,
            0.0,
            0.0,
            0.0,
            0.0
        ],
        "6": [
            0.0,
            0.0,
            6.835122519456136,
            0.0,
            0.0
        ],
        "7": [
            0.0,
            0.0,
            0.0,
            0.0,
            0.0
        ],
        "8": [
            -9.0,
            0.0,
            -3.129932127667693,
            6.369190009286069,
            0.0
        ]
    },
    "3": {
        "0": [
            0.0,
            0.0,
            0.0,
            0.0,
            0.0
        ],
        "1": [
            -9.0,
            7.715473181146053,
            0.0,
            0.0,
            0.0
        ],
        "2": [
            -3.3032704301201252,
            -2.4741594213683977,
            8.492267980447828,
            -1.6884343350507065,
            0.0
        ],
        "3": [
            7.632562080270881,
            0.0,
            0.0,
            0.0,
            0.0
        ],
        "4": [
            0.0,
            0.0,
            0.0,
            0.0,
            0.0
        ],
        "5": [
            0.0,
            0.0,
            0.0,
            0.0,
            0.0
        ],
        "6": [
            0.0,
            0.0,
            0.0,
            0.0,
            0.0
        ],
        "7": [
            0.0,
            0.0,
            0.0,
            0.0,
            0.0
        ],
        "8": [
            -9.0,
            0.0,
            -3.86733575482718,
            5.839989538519444,
            0.0
        ]
    },
    "4": {
        "0": [
            0.0,
            0.0,
            0.0,
            0.0,
            0.0
        ],
        "1": [
            0.0,
            0.0,
            0.0,
            0.0,
            0.0
        ],
        "2": [
            -9.0,
            -9.0,
            8.812115921327676,
            -2.2279344778586907,
            0.0
        ],
        "3": [
            0.0,
            0.0,
            0.0,
            0.0,
            0.0
        ],
        "4": [
            0.0,
            0.0,
            0.0,
            0.0,
            0.0
        ],
        "5": [
            0.0,
            0.0,
            0.0,
            0.0,
            0.0
        ],
        "6": [
            0.0,
            0.0,
            0.0,
            0.0,
            0.0
        ],
        "7": [
            0.0,
            -3.961010461480556,
            0.0,
            5.945678381066919,
            0.0
        ],
        "8": [
            5.893555015812216,
            0.0,
            -4.393542520048594,
            0.0,
            0.0
        ]
    },
    "5": {
        "0": [
            0.0,
            0.0,
            0.0,
            0.0,
            0.0
        ],
        "1": [
            0.0,
            0.0,
            0.0,
            0.0,
            0.0
        ],
        "2": [
            -9.0,
            -12.930582027802279,
            9.108570704867931,
            -10.157624305207714,
            0.0
        ],
        "3": [
            -2.1121720473379195,
            -21.24674927328357,
            -9.0,
            -9.0,
            -9.0
        ],
        "4": [
            -11.017124305207714,
            -28.271079923309728,
            -17.594999999999995,
            -17.594999999999995,
            -17.594999999999995
        ],
        "5": [
            -19.521353711473367,
            -25.803224999999994,
            -25.803224999999994,
            -25.803224999999994,
            -25.803224999999994
        ],
        "6": [
            0.0,
            0.0,
            0.0,
            0.0,
            0.0
        ],
        "7": [
            -9.0,
            0.0,
            -3.9164449841877844,
            5.3682496136826385,
            0.0
        ],
        "8": [
            0.0,
            0.0,
            0.0,
            0.0,
            0.0
        ]
    },
    "6": {
        "0": [
            0.0,
            0.0,
            0.0,
            0.0,
            0.0
        ],
        "1": [
            0.0,
            0.0,
            0.0,
            0.0,
            0.0
        ],
        "2": [
            -9.0,
            -9.0,
            -0.3013149768511266,
            -9.0,
            -9.0
        ],
        "3": [
            0.0,
            0.0,
            0.0,
            0.0,
            0.0
        ],
        "4": [
            0.0,
            0.0,
            0.0,
            0.0,
            0.0
        ],
        "5": [
            0.0,
            0.0,
            0.0,
            0.0,
            0.0
        ],
        "6": [
            0.0,
            0.0,
            0.0,
            0.0,
            0.0
        ],
        "7": [
            -9.0,
            -6.486129660898062,
            -4.801791078720123,
            4.754188077154596,
            0.0
        ],
        "8": [
            3.9928308059671793,
            -9.0,
            0.0,
            0.0,
            0.0
        ]
    },